<?xml version="1.0" encoding="UTF-8"?>
<project-private xmlns="http://www.netbeans.org/ns/project-private/1">
    <editor-bookmarks xmlns="http://www.netbeans.org/ns/editor-bookmarks/2" lastBookmarkId="0"/>
    <open-files xmlns="http://www.netbeans.org/ns/projectui-open-files/2">
        <group>
            <file>file:/E:/DESARROLLO%20DE%20APLICACIONES%20DE%20ESCRITORIO/DESARROLLO%20DE%20APLICACIONES%20DE%20ESCRITORIO/AppUnidad1/src/CapaNegocio/clsCliente.java</file>
            <file>file:/E:/DESARROLLO%20DE%20APLICACIONES%20DE%20ESCRITORIO/DESARROLLO%20DE%20APLICACIONES%20DE%20ESCRITORIO/AppUnidad1/src/appunidad1/JDMantenimientoCliente.java</file>
            <file>file:/E:/DESARROLLO%20DE%20APLICACIONES%20DE%20ESCRITORIO/DESARROLLO%20DE%20APLICACIONES%20DE%20ESCRITORIO/AppUnidad1/src/appunidad1/JDVentas.java</file>
        </group>
    </open-files>
</project-private>
